{
  "execPath": "C:/Users/dario/.platformio/packages/toolchain-gccarmnoneeabi/bin/arm-none-eabi-g++.exe",
  "gccDefaultCFlags": "-fsyntax-only -Os -ffunction-sections -fdata-sections -fsingle-precision-constant -Wall -mthumb --specs=nano.specs --specs=nosys.specs -mcpu=cortex-m3 -fmax-errors=5 -g -fmerge-all-constants -DLPC_PINCFG_UART3_P4_28 -DLPC176X_FRAMEWORK -DTARGET_LPC1768 -DF_CPU=100000000L -DMCU_LPC1768 -DPIO_PLATFORM_VERSION=1003UL -DPIO_FRAMEWORK_VERSION=2005UL -DPLATFORMIO=50003 -D__MARLIN_FIRMWARE__ -DU8G_HAL_LINKS -DARDUINO_ARCH_LPC176X -DARDUINOLPC=10805",
  "gccDefaultCppFlags": "-fsyntax-only -std=gnu++17 -fno-rtti -fno-exceptions -fno-use-cxa-atexit -fno-common -fno-threadsafe-statics -Os -ffunction-sections -fdata-sections -fsingle-precision-constant -Wall -mthumb --specs=nano.specs --specs=nosys.specs -mcpu=cortex-m3 -fmax-errors=5 -g -fmerge-all-constants -DLPC_PINCFG_UART3_P4_28 -DLPC176X_FRAMEWORK -DTARGET_LPC1768 -DF_CPU=100000000L -DMCU_LPC1768 -DPIO_PLATFORM_VERSION=1003UL -DPIO_FRAMEWORK_VERSION=2005UL -DPLATFORMIO=50003 -D__MARLIN_FIRMWARE__ -DU8G_HAL_LINKS -DARDUINO_ARCH_LPC176X -DARDUINOLPC=10805",
  "gccErrorLimit": 15,
  "gccIncludePaths": "D:/Home/Dario/Documents/GitHub/PrusaBear-Ar/Marlin 2.0.7.2 V2/Marlin-2.0.x/Marlin,C:/Users/dario/.platformio/packages/framework-arduino-lpc176x/libraries/LiquidCrystal/src,D:/Home/Dario/Documents/GitHub/PrusaBear-Ar/Marlin 2.0.7.2 V2/Marlin-2.0.x/.pio/libdeps/LPC1768/TMCStepper/src,C:/Users/dario/.platformio/packages/framework-arduino-lpc176x/libraries/Servo/src,D:/Home/Dario/Documents/GitHub/PrusaBear-Ar/Marlin 2.0.7.2 V2/Marlin-2.0.x/Marlin/src/HAL/LPC1768/include,D:/Home/Dario/Documents/GitHub/PrusaBear-Ar/Marlin 2.0.7.2 V2/Marlin-2.0.x/Marlin/src/HAL/LPC1768/u8g,C:/Users/dario/.platformio/packages/framework-arduino-lpc176x/cores/arduino,C:/Users/dario/.platformio/packages/framework-arduino-lpc176x/system/CMSIS/include,C:/Users/dario/.platformio/packages/framework-arduino-lpc176x/system/CMSIS/lib,C:/Users/dario/.platformio/packages/framework-arduino-lpc176x/system/lpc176x,C:/Users/dario/.platformio/packages/toolchain-gccarmnoneeabi/arm-none-eabi/include/c++/9.3.1,C:/Users/dario/.platformio/packages/toolchain-gccarmnoneeabi/arm-none-eabi/include/c++/9.3.1/arm-none-eabi,C:/Users/dario/.platformio/packages/toolchain-gccarmnoneeabi/lib/gcc/arm-none-eabi/9.3.1/include,C:/Users/dario/.platformio/packages/toolchain-gccarmnoneeabi/lib/gcc/arm-none-eabi/9.3.1/include-fixed,C:/Users/dario/.platformio/packages/toolchain-gccarmnoneeabi/arm-none-eabi/include,C:/Users/dario/.platformio/packages/tool-unity",
  "gccSuppressWarnings": false
}
